City_ID,City,Country,Date,Lat,Lng,Max Temp,Humidity,Cloudiness,Wind Speed
0,Karratha,AU,2022-01-29 22:12:29,-20.7377,116.8463,81.14,62,82,14.56
1,Bethel,US,2022-01-29 22:08:00,41.3712,-73.414,19.29,64,100,5.01
2,Terney,RU,2022-01-29 22:12:29,45.0503,136.6092,-0.2,78,4,11.7
3,Bluff,NZ,2022-01-29 22:11:07,-46.6,168.3333,58.89,87,100,7.23
4,Castro,BR,2022-01-29 22:12:30,-24.7911,-50.0119,59.94,99,100,6.78
5,Port Alfred,ZA,2022-01-29 22:12:30,-33.5906,26.891,70.12,85,44,12.08
6,Khatanga,RU,2022-01-29 22:12:30,71.9667,102.5,-3.78,98,100,5.93
7,Ushuaia,AR,2022-01-29 22:12:31,-54.8,-68.3,44.26,93,100,18.41
8,Bredasdorp,ZA,2022-01-29 22:12:31,-34.5322,20.0403,66.27,74,5,9.93
9,Cape Town,ZA,2022-01-29 22:08:15,-33.9258,18.4232,67.26,69,0,7.0
10,Puerto Ayora,EC,2022-01-29 22:12:31,-0.7393,-90.3518,80.56,72,31,8.25
11,Jumla,NP,2022-01-29 22:12:32,29.2747,82.1838,31.68,48,0,5.1
12,Hobart,AU,2022-01-29 22:07:47,-42.8794,147.3294,65.01,67,75,1.99
13,Ngunguru,NZ,2022-01-29 22:12:32,-35.6167,174.5,71.17,65,29,10.65
14,Muchkapskiy,RU,2022-01-29 22:12:33,51.8513,42.4717,23.81,98,99,4.0
15,Thompson,CA,2022-01-29 22:12:33,55.7435,-97.8558,-1.93,93,95,2.24
16,Dapawan,PH,2022-01-29 22:12:34,12.4069,122.0278,79.0,85,22,8.3
17,Okhotsk,RU,2022-01-29 22:12:34,59.3833,143.3,13.71,81,100,15.19
18,Busselton,AU,2022-01-29 22:12:27,-33.65,115.3333,68.04,91,7,13.53
19,Codrington,AU,2022-01-29 22:12:34,-38.2667,141.9667,65.1,81,85,7.99
20,Tarakan,ID,2022-01-29 22:12:35,3.3,117.6333,78.31,82,100,3.49
21,Vao,NC,2022-01-29 22:12:35,-22.6667,167.4833,78.87,87,88,12.88
22,Nacozari,MX,2022-01-29 22:12:35,25.3366,-108.2574,78.58,40,0,12.59
23,Pevek,RU,2022-01-29 22:12:36,69.7008,170.3133,-18.87,100,83,4.18
24,Nikolskoye,RU,2022-01-29 22:12:36,59.7035,30.7861,27.72,83,100,15.57
25,Punta Arenas,CL,2022-01-29 22:09:29,-53.15,-70.9167,51.91,54,75,13.8
26,Rikitea,PF,2022-01-29 22:09:48,-23.1203,-134.9692,77.23,72,100,10.4
27,San Cristobal,VE,2022-01-29 22:12:36,7.7669,-72.225,77.18,51,22,6.38
28,Axim,GH,2022-01-29 22:12:37,4.8699,-2.2405,79.59,86,47,4.85
29,Ancud,CL,2022-01-29 22:12:37,-41.8697,-73.8203,61.43,91,64,12.57
30,Jamestown,US,2022-01-29 22:12:37,42.097,-79.2353,13.32,54,0,5.01
31,Provideniya,RU,2022-01-29 22:12:19,64.3833,-173.3,3.51,85,4,4.41
32,Buin,CL,2022-01-29 22:12:38,-33.7333,-70.75,80.06,46,0,12.35
33,Huarmey,PE,2022-01-29 22:12:38,-10.0681,-78.1522,73.81,75,27,10.54
34,Karasburg,NA,2022-01-29 22:12:39,-28.0167,18.75,83.43,28,100,7.99
35,Albany,US,2022-01-29 22:11:21,42.6001,-73.9662,13.64,62,100,3.0
36,Ahuimanu,US,2022-01-29 22:12:39,21.4447,-157.8378,82.11,60,0,7.0
37,Pinega,RU,2022-01-29 22:12:40,64.7001,43.3936,9.19,97,99,6.76
38,Tuktoyaktuk,CA,2022-01-29 22:12:40,69.4541,-133.0374,-8.48,95,100,17.52
39,Hervey Bay,AU,2022-01-29 22:12:40,-25.2986,152.8535,81.03,82,65,11.01
40,Faanui,PF,2022-01-29 22:12:41,-16.4833,-151.75,80.22,73,18,9.66
41,Kargil,IN,2022-01-29 22:13:41,34.5667,76.1,-6.52,99,98,2.26
42,Sur,OM,2022-01-29 22:13:42,22.5667,59.5289,70.9,53,3,5.48
43,Camacha,PT,2022-01-29 22:11:04,33.0833,-16.3333,60.53,82,40,8.05
44,Cabo San Lucas,MX,2022-01-29 22:11:07,22.8909,-109.9124,79.61,57,0,5.99
45,Moron,AR,2022-01-29 22:13:42,-34.6534,-58.6198,83.01,56,64,5.01
46,Saint George,US,2022-01-29 22:13:01,37.1041,-113.5841,60.44,12,0,1.99
47,Baie-Comeau,CA,2022-01-29 22:11:21,49.2168,-68.1489,5.41,75,100,13.91
48,Ganzhou,CN,2022-01-29 22:13:43,28.8184,115.4327,34.34,93,81,1.97
49,Severo-Kurilsk,RU,2022-01-29 22:11:05,50.6789,156.125,23.79,77,92,18.37
50,Skelleftea,SE,2022-01-29 22:13:43,64.7507,20.9528,23.36,69,100,3.0
51,Kawalu,ID,2022-01-29 22:13:44,-7.3817,108.2082,72.88,96,100,1.16
52,Magadan,RU,2022-01-29 22:13:44,59.5667,150.8,14.16,79,100,12.97
53,Avarua,CK,2022-01-29 22:13:44,-21.2078,-159.775,82.45,78,64,11.5
54,Mataura,NZ,2022-01-29 22:13:45,-46.1927,168.8643,57.61,96,100,2.59
55,Santa Fe,AR,2022-01-29 22:10:10,-31.6333,-60.7,87.03,36,0,4.0
56,Goderich,CA,2022-01-29 22:13:45,43.7501,-81.7165,15.91,84,92,6.87
57,Fortuna,US,2022-01-29 22:13:46,40.5982,-124.1573,60.42,75,0,5.99
58,Atuona,PF,2022-01-29 22:13:46,-9.8,-139.0333,77.63,76,14,12.19
59,Rio Grande,BR,2022-01-29 22:13:46,-32.035,-52.0986,73.94,63,0,12.88
60,Dikson,RU,2022-01-29 22:10:59,73.5069,80.5464,4.5,94,99,21.81
61,Hilo,US,2022-01-29 22:12:21,19.7297,-155.09,80.33,57,75,10.36
62,Schwabmunchen,DE,2022-01-29 22:13:47,48.1833,10.75,43.95,79,97,20.71
63,Georgetown,MY,2022-01-29 22:12:02,5.4112,100.3354,81.9,86,20,0.0
64,Jalu,LY,2022-01-29 22:13:47,29.0331,21.5482,51.85,38,0,12.64
65,Tasiilaq,GL,2022-01-29 22:09:46,65.6145,-37.6368,14.16,74,95,6.96
66,Evensk,RU,2022-01-29 22:13:48,61.95,159.2333,16.32,79,100,11.12
67,North Bend,US,2022-01-29 22:13:48,43.4065,-124.2243,55.92,85,0,12.66
68,Kapaa,US,2022-01-29 22:09:07,22.0752,-159.319,80.58,71,0,3.0
69,Vanavara,RU,2022-01-29 22:13:48,60.34,102.2797,-5.85,99,100,3.02
70,Salisbury,GB,2022-01-29 22:13:49,51.0693,-1.7957,45.48,82,43,7.27
71,Arraial Do Cabo,BR,2022-01-29 22:13:06,-22.9661,-42.0278,75.27,94,80,13.49
72,Saint-Philippe,RE,2022-01-29 22:13:49,-21.3585,55.7679,76.59,86,51,8.77
73,Mareeba,AU,2022-01-29 22:13:49,-17.0,145.4333,74.48,84,98,2.3
74,Upernavik,GL,2022-01-29 22:13:50,72.7868,-56.1549,3.04,92,100,9.6
75,Suntar,RU,2022-01-29 22:13:50,62.1444,117.6319,-16.73,97,67,5.01
76,Saskylakh,RU,2022-01-29 22:12:25,71.9167,114.0833,-21.17,100,99,3.49
77,Tiksi,RU,2022-01-29 22:13:50,71.6872,128.8694,-8.73,99,57,4.27
78,Chuy,UY,2022-01-29 22:13:51,-33.6971,-53.4616,71.42,68,16,10.65
79,Yellowknife,CA,2022-01-29 22:13:51,62.456,-114.3525,-4.59,86,87,5.99
80,Freeport,US,2022-01-29 22:13:49,40.6576,-73.5832,20.97,69,100,8.99
81,Am Timan,TD,2022-01-29 22:13:28,11.0297,20.2827,74.03,18,32,8.03
82,Touros,BR,2022-01-29 22:13:51,-5.1989,-35.4608,79.7,78,87,10.45
83,Kazachinskoye,RU,2022-01-29 22:13:52,57.6953,93.2761,-5.8,99,100,2.84
84,Vaini,TO,2022-01-29 22:13:52,-21.2,-175.2,81.48,78,100,15.75
85,Tazovskiy,RU,2022-01-29 22:13:52,67.4667,78.7,-13.16,99,96,7.02
86,Norfolk,US,2022-01-29 22:12:56,42.1668,-71.2495,18.88,91,100,1.99
87,New Norfolk,AU,2022-01-29 22:14:53,-42.7826,147.0587,64.65,58,20,1.99
88,Udimskiy,RU,2022-01-29 22:14:53,61.1417,45.9144,14.29,96,100,5.95
89,Isangel,VU,2022-01-29 22:14:54,-19.55,169.2667,77.11,100,100,4.61
90,Prince Rupert,CA,2022-01-29 22:14:54,54.3161,-130.3201,42.89,93,100,2.3
91,Mandasa,IN,2022-01-29 22:14:54,18.8667,84.4667,60.44,53,2,3.94
92,Cilegon,ID,2022-01-29 22:14:55,-6.0174,106.0538,76.89,81,100,3.33
93,Beringovskiy,RU,2022-01-29 22:14:55,63.05,179.3167,-11.04,100,96,3.31
94,Coahuayana,MX,2022-01-29 22:14:56,18.7333,-103.6833,87.28,47,0,7.02
95,Lorengau,PG,2022-01-29 22:14:56,-2.0226,147.2712,81.88,78,99,7.07
96,Ust-Uda,RU,2022-01-29 22:14:56,54.1742,103.0304,-23.4,100,97,0.65
97,Amapa,BR,2022-01-29 22:13:15,1.0,-52.0,72.12,98,100,3.06
98,Victoria,HK,2022-01-29 22:13:23,22.2855,114.1577,59.25,82,96,1.01
99,Baykit,RU,2022-01-29 22:14:57,61.67,96.37,-4.54,100,98,1.1
100,Kodiak,US,2022-01-29 22:11:03,57.79,-152.4072,35.11,55,0,25.32
101,Ostersund,SE,2022-01-29 22:14:57,63.1792,14.6357,27.05,100,20,13.8
102,Sao Filipe,CV,2022-01-29 22:14:58,14.8961,-24.4956,71.1,72,100,13.13
103,Loa Janan,ID,2022-01-29 22:14:58,-0.583,117.095,72.73,95,98,1.07
104,Neiafu,TO,2022-01-29 22:14:59,-18.65,-173.9833,82.56,72,72,14.14
105,Guerrero Negro,MX,2022-01-29 22:14:59,27.9769,-114.0611,69.67,29,13,13.09
106,Narsaq,GL,2022-01-29 22:14:59,60.9167,-46.05,12.42,96,100,2.15
107,Bara,NG,2022-01-29 22:15:00,10.3744,10.7288,67.86,17,99,12.08
108,Nouakchott,MR,2022-01-29 22:15:00,18.0858,-15.9785,67.93,61,100,14.97
109,Honningsvag,NO,2022-01-29 22:15:00,70.9821,25.9704,28.89,67,81,9.71
110,Moerai,PF,2022-01-29 22:15:01,-22.4333,-151.3333,79.54,76,5,9.17
111,Nouadhibou,MR,2022-01-29 22:15:01,20.931,-17.0347,64.38,77,91,17.27
112,Galle,LK,2022-01-29 22:15:01,6.0367,80.217,78.57,83,98,6.76
113,Yarmouth,US,2022-01-29 22:15:02,41.7057,-70.2286,25.47,92,100,29.93
114,Zhigansk,RU,2022-01-29 22:15:02,66.7697,123.3711,-30.8,100,100,2.1
115,Lebu,CL,2022-01-29 22:15:02,-37.6167,-73.65,63.54,77,1,11.18
116,Olafsvik,IS,2022-01-29 22:15:03,64.8945,-23.7142,38.26,67,100,29.66
117,Kavieng,PG,2022-01-29 22:15:02,-2.5744,150.7967,83.1,73,100,6.6
118,Saint-Augustin,CA,2022-01-29 22:15:03,51.226,-58.6502,7.75,88,100,16.89
119,Oum Hadjer,TD,2022-01-29 22:15:04,13.2954,19.6966,67.91,12,22,13.33
120,Calvia,ES,2022-01-29 22:15:04,39.5657,2.5062,48.07,70,0,1.92
121,Cairns,AU,2022-01-29 22:15:04,-16.9167,145.7667,80.55,78,97,9.22
122,Barrow,US,2022-01-29 22:10:59,71.2906,-156.7887,-7.58,77,100,12.66
123,Santa Maria,BR,2022-01-29 22:13:59,-29.6842,-53.8069,78.67,40,0,9.44
124,Ostrovnoy,RU,2022-01-29 22:15:05,68.0531,39.5131,14.22,88,83,13.04
125,Ribeira Grande,PT,2022-01-29 22:15:05,38.5167,-28.7,59.47,71,28,7.76
126,Pangnirtung,CA,2022-01-29 22:12:56,66.1451,-65.7125,-19.08,99,100,3.67
127,Hithadhoo,MV,2022-01-29 22:15:05,-0.6,73.0833,80.71,69,92,3.53
128,Mulege,MX,2022-01-29 22:15:06,26.8833,-111.9833,70.12,33,13,10.16
129,Kaitangata,NZ,2022-01-29 22:15:06,-46.2817,169.8464,56.79,93,100,3.85
130,Ekpoma,NG,2022-01-29 22:15:06,6.7421,6.139,75.2,18,100,3.06
131,Hamilton,US,2022-01-29 22:15:07,39.1834,-84.5333,25.74,59,100,1.99
132,Vardo,NO,2022-01-29 22:12:09,70.3705,31.1107,21.65,80,92,2.24
133,Mar Del Plata,AR,2022-01-29 22:12:24,-38.0023,-57.5575,75.47,65,1,9.64
134,Mahebourg,MU,2022-01-29 22:16:07,-20.4081,57.7,79.09,83,40,6.91
135,Kangaatsiaq,GL,2022-01-29 22:16:08,68.3065,-53.4641,7.65,93,100,15.86
136,Hermanus,ZA,2022-01-29 22:11:10,-34.4187,19.2345,66.79,77,2,13.8
137,Port Elizabeth,ZA,2022-01-29 22:12:47,-33.918,25.5701,65.1,85,0,7.43
138,Dunedin,NZ,2022-01-29 22:16:08,-45.8742,170.5036,59.31,81,100,3.42
139,Moree,AU,2022-01-29 22:16:09,-29.4667,149.85,77.02,65,52,10.36
140,Denpasar,ID,2022-01-29 22:12:55,-8.65,115.2167,78.46,94,75,2.3
141,Uthal,PK,2022-01-29 22:16:09,25.8072,66.6219,64.72,72,0,2.46
142,Ikorodu,NG,2022-01-29 22:16:09,6.6191,3.5041,78.76,50,84,0.76
143,Tuatapere,NZ,2022-01-29 22:16:10,-46.1333,167.6833,57.45,95,100,4.74
144,Berezovyy,RU,2022-01-29 22:12:17,51.6667,135.7,-12.55,90,99,3.56
145,Dombarovskiy,RU,2022-01-29 22:16:10,50.7587,59.5386,-4.95,100,96,4.9
146,Cranbrook,CA,2022-01-29 22:16:11,49.4999,-115.7688,32.86,73,75,2.3
147,Tafo,GH,2022-01-29 22:16:11,6.7345,-1.6127,76.19,30,70,1.05
148,Terme,TR,2022-01-29 22:16:12,41.2092,36.9739,39.13,70,88,5.64
149,Pecos,US,2022-01-29 22:13:03,31.4229,-103.4932,61.3,18,0,4.61
150,Coracao De Jesus,BR,2022-01-29 22:16:12,-16.6853,-44.365,75.92,87,76,5.75
151,Paamiut,GL,2022-01-29 22:16:12,61.994,-49.6678,15.28,68,100,22.64
152,Butajira,ET,2022-01-29 22:16:13,8.1167,38.3667,57.27,54,4,6.73
153,Tias,ES,2022-01-29 22:12:50,28.9611,-13.645,62.28,68,0,9.22
154,Teguise,ES,2022-01-29 22:16:13,29.0605,-13.564,59.22,72,0,9.22
155,Tura,IN,2022-01-29 22:16:13,25.5198,90.2201,50.23,62,0,2.53
156,Neryungri,RU,2022-01-29 22:16:13,56.6709,124.6491,-9.04,94,100,9.28
157,Iraray,PH,2022-01-29 22:16:14,8.9936,118.0511,76.14,86,29,2.15
158,Lima,PE,2022-01-29 22:13:24,-12.0432,-77.0282,76.89,65,40,5.99
159,Kalinagar,IN,2022-01-29 22:16:14,28.6167,80.1,47.3,80,0,7.11
160,Mahon,ES,2022-01-29 22:16:15,39.8885,4.2658,43.36,100,0,3.44
161,Kingman,US,2022-01-29 22:14:08,35.1894,-114.053,57.45,13,0,12.66
162,Phan Thiet,VN,2022-01-29 22:16:15,10.9333,108.1,71.67,89,82,2.59
163,Solwezi,ZM,2022-01-29 22:16:15,-12.1688,26.3894,62.13,98,100,4.41
164,Qaanaaq,GL,2022-01-29 22:16:16,77.484,-69.3632,2.46,62,100,10.49
165,Korla,CN,2022-01-29 22:16:16,41.7597,86.1469,24.03,51,100,7.43
166,Sinnamary,GF,2022-01-29 22:16:16,5.3833,-52.95,77.0,83,86,8.05
167,Chokurdakh,RU,2022-01-29 22:16:17,70.6333,147.9167,-11.78,85,100,1.74
168,Guiuan,PH,2022-01-29 22:16:17,11.0333,125.7247,80.87,80,27,5.53
169,Port-Gentil,GA,2022-01-29 22:14:15,-0.7193,8.7815,81.27,82,92,10.31
170,Mao,ES,2022-01-29 22:16:15,39.8885,4.2658,43.36,100,0,3.44
171,Kahului,US,2022-01-29 22:16:18,20.8947,-156.47,82.42,53,40,8.05
172,Geraldton,AU,2022-01-29 22:16:03,-28.7667,114.6,68.41,88,0,3.44
173,Naze,JP,2022-01-29 22:16:18,28.3667,129.4833,56.32,77,100,13.76
174,Kushima,JP,2022-01-29 22:16:18,31.4583,131.2333,46.44,80,100,4.74
175,Te Anau,NZ,2022-01-29 22:16:19,-45.4167,167.7167,57.49,90,100,1.12
176,Bandarbeyla,SO,2022-01-29 22:16:20,9.4942,50.8122,75.76,64,95,20.96
177,Pemba,MZ,2022-01-29 22:13:39,-12.974,40.5178,75.2,88,100,4.36
178,Salalah,OM,2022-01-29 22:16:20,17.0151,54.0924,69.89,73,0,2.3
179,Chichimila,MX,2022-01-29 22:16:20,20.6167,-88.2167,72.73,49,87,6.49
180,Ponta Do Sol,PT,2022-01-29 22:12:58,32.6667,-17.1,64.0,66,22,5.57
181,Semnan,IR,2022-01-29 22:16:21,35.5729,53.3971,31.84,55,0,2.3
182,Sanandaj,IR,2022-01-29 22:16:21,35.3144,46.9923,19.42,86,40,0.0
183,Wajima,JP,2022-01-29 22:15:46,37.4,136.9,35.13,63,100,15.3
184,Ca Mau,VN,2022-01-29 22:17:22,9.1769,105.15,73.24,86,56,2.8
185,Maniitsoq,GL,2022-01-29 22:17:22,65.4167,-52.9,8.44,72,100,26.66
186,Praia,CV,2022-01-29 22:17:22,14.9215,-23.5087,70.34,64,75,17.27
187,Mata,PT,2022-01-29 22:17:23,40.683,-7.4592,45.93,59,0,4.05
188,Guanica,PR,2022-01-29 22:17:23,17.9716,-66.908,81.14,71,32,4.0
189,Saint Anthony,US,2022-01-29 22:16:02,45.0205,-93.218,28.26,63,0,3.0
190,Constitucion,CL,2022-01-29 22:14:02,-35.3333,-72.4167,63.97,77,40,9.71
191,Siderno,IT,2022-01-29 22:17:24,38.2779,16.302,50.4,57,1,8.21
192,Bambous Virieux,MU,2022-01-29 22:13:41,-20.3428,57.7575,78.22,72,99,12.44
193,Mogadishu,SO,2022-01-29 22:16:19,2.0371,45.3438,77.07,80,24,21.25
194,Griffith,US,2022-01-29 22:16:08,41.5284,-87.4237,23.16,58,0,3.0
195,Aitape,PG,2022-01-29 22:17:25,-3.1374,142.3475,77.76,86,97,8.43
196,Ingham,US,2022-01-29 22:17:25,42.6,-84.3833,20.97,61,100,5.75
197,Fatehpur,IN,2022-01-29 22:17:25,25.9333,80.8,50.04,63,0,7.52
198,Xai-Xai,MZ,2022-01-29 22:17:26,-25.0519,33.6442,75.27,83,100,6.24
199,Hobyo,SO,2022-01-29 22:14:47,5.3505,48.5268,76.57,77,30,23.11
200,Lazaro Cardenas,MX,2022-01-29 22:17:26,17.9583,-102.2,82.81,59,0,8.97
201,Peace River,CA,2022-01-29 22:17:27,56.2501,-117.286,30.51,86,100,0.0
202,Aktau,KZ,2022-01-29 22:17:27,43.65,51.2,27.18,96,95,16.96
203,Disa,IN,2022-01-29 22:17:28,24.25,72.1667,57.65,30,0,3.96
204,Gambo,CF,2022-01-29 22:17:28,4.6482,22.2633,69.76,30,11,4.32
205,Kachug,RU,2022-01-29 22:16:15,53.9606,105.8817,-20.69,100,99,1.14
206,Gull Lake,CA,2022-01-29 22:17:28,50.1001,-108.4847,30.56,85,66,4.25
207,Den Helder,NL,2022-01-29 22:15:26,52.9599,4.7593,47.07,66,40,21.99
208,Storforshei,NO,2022-01-29 22:17:29,66.4043,14.5233,20.88,94,100,4.52
209,Wanning,CN,2022-01-29 22:17:29,18.8003,110.3967,61.59,88,100,9.6
210,Sao Bento Do Sul,BR,2022-01-29 22:17:30,-26.2503,-49.3786,61.23,96,100,3.47
211,Swellendam,ZA,2022-01-29 22:17:30,-34.0226,20.4417,64.78,79,0,9.4
212,La Sarre,CA,2022-01-29 22:17:30,48.8002,-79.1996,2.46,95,95,3.69
213,Khandyga,RU,2022-01-29 22:17:31,62.6667,135.6,-41.17,99,66,1.92
214,Maragogi,BR,2022-01-29 22:17:31,-9.0122,-35.2225,76.12,75,100,5.5
215,Bengkulu,ID,2022-01-29 22:17:31,-3.8004,102.2655,75.76,91,100,4.03
216,Half Moon Bay,US,2022-01-29 22:16:07,37.4636,-122.4286,67.62,49,0,1.01
217,Pierre,US,2022-01-29 22:17:32,44.3683,-100.351,50.92,30,0,1.01
218,Port Lincoln,AU,2022-01-29 22:17:32,-34.7333,135.8667,66.92,84,34,13.96
219,Altay,CN,2022-01-29 22:17:32,47.8667,88.1167,1.99,52,36,7.36
220,Turek,PL,2022-01-29 22:17:33,52.0155,18.5005,41.97,88,100,29.04
221,Mannarakkat,IN,2022-01-29 22:17:33,10.9833,76.4667,78.35,77,88,2.42
222,Bud,US,2022-01-29 22:13:59,39.447,-86.1758,26.91,47,34,7.07
223,Clearlake,US,2022-01-29 22:17:33,38.9582,-122.6264,65.57,30,2,1.34
224,Butaritari,KI,2022-01-29 22:17:34,3.0707,172.7902,82.38,75,34,20.29
225,Airai,TL,2022-01-29 22:17:34,-8.9266,125.4092,61.2,91,100,3.31
226,Gao,ML,2022-01-29 22:17:34,16.6362,1.637,67.6,14,1,12.01
227,East London,ZA,2022-01-29 22:17:35,-33.0153,27.9116,71.56,82,82,9.66
228,College,US,2022-01-29 22:18:35,64.8569,-147.8028,-9.45,73,40,0.0
229,Cherskiy,RU,2022-01-29 22:18:35,68.75,161.3,-27.76,100,57,2.46
230,Mut,TR,2022-01-29 22:18:36,36.6439,33.4389,34.7,79,100,2.13
231,Zhangye,CN,2022-01-29 22:18:36,38.9342,100.4517,14.97,59,16,5.28
232,Czestochowa,PL,2022-01-29 22:18:37,50.7965,19.1241,38.61,89,100,24.45
233,Saint-Georges,GD,2022-01-29 22:18:37,12.0564,-61.7485,80.28,74,20,11.5
234,Ouadda,CF,2022-01-29 22:18:37,8.0777,22.4007,64.71,25,50,5.41
235,Kanniyakumari,IN,2022-01-29 22:18:38,8.0833,77.5667,77.86,82,20,15.5
236,Kalakamati,BW,2022-01-29 22:18:38,-20.5929,27.3121,67.5,85,97,15.3
237,Polson,US,2022-01-29 22:18:39,47.6936,-114.1632,25.77,78,75,3.02
238,Birao,CF,2022-01-29 22:18:40,10.2849,22.7882,66.16,17,61,6.38
239,Saint-Joseph,RE,2022-01-29 22:17:40,-21.3667,55.6167,75.56,85,37,9.48
240,Surovatikha,RU,2022-01-29 22:18:40,55.7652,43.8984,12.67,99,97,3.49
241,Torbay,CA,2022-01-29 22:18:40,47.6666,-52.7314,33.58,92,100,7.0
242,Porto Novo,BJ,2022-01-29 22:18:41,6.4965,2.6036,82.22,70,33,2.62
243,Husavik,IS,2022-01-29 22:18:41,66.0449,-17.3389,33.71,77,49,18.99
244,Fairbanks,US,2022-01-29 22:15:28,64.8378,-147.7164,-9.44,73,0,0.0
245,Esperance,AU,2022-01-29 22:18:41,-33.8667,121.9,65.39,78,1,12.21
246,Tabou,CI,2022-01-29 22:18:42,4.423,-7.3528,80.04,86,28,6.58
247,Scottsbluff,US,2022-01-29 22:14:50,41.8666,-103.6672,57.81,15,0,11.99
248,Ponta Delgada,PT,2022-01-29 22:18:42,37.7333,-25.6667,58.5,72,20,8.05
249,Nanortalik,GL,2022-01-29 22:16:18,60.1432,-45.2371,20.71,64,100,17.83
250,Hirara,JP,2022-01-29 22:18:43,24.8,125.2833,66.06,94,75,16.11
251,Abingdon,GB,2022-01-29 22:18:43,51.6711,-1.2828,44.78,81,40,3.44
252,Borogontsy,RU,2022-01-29 22:18:44,62.6683,131.1683,-37.1,100,74,2.06
253,Erzin,TR,2022-01-29 22:18:44,36.9559,36.2,41.72,75,99,6.11
254,Oranjemund,NA,2022-01-29 22:18:44,-28.55,16.4333,66.18,84,78,8.48
255,Teguldet,RU,2022-01-29 22:18:45,57.3064,88.1667,2.32,98,94,2.53
256,Leningradskiy,RU,2022-01-29 22:15:13,69.3833,178.4167,-8.81,90,61,4.85
257,Carnarvon,AU,2022-01-29 22:14:15,-24.8667,113.6333,77.07,88,79,10.36
258,Iqaluit,CA,2022-01-29 22:18:45,63.7506,-68.5145,-9.67,59,75,5.75
259,Dossor,KZ,2022-01-29 22:18:45,47.5272,52.9811,27.3,91,100,10.6
260,Hohhot,CN,2022-01-29 22:18:46,40.8106,111.6522,8.89,66,0,6.71
261,Marsaxlokk,MT,2022-01-29 22:18:46,35.8419,14.5431,52.09,46,20,10.36
262,Morondava,MG,2022-01-29 22:17:12,-20.2833,44.2833,80.8,78,2,9.6
263,Saldanha,ZA,2022-01-29 22:18:46,-33.0117,17.9442,64.96,87,0,15.08
264,Bilma,NE,2022-01-29 22:18:47,18.6853,12.9164,59.86,19,2,11.56
265,Kruisfontein,ZA,2022-01-29 22:18:47,-34.0033,24.7314,60.89,92,0,3.09
266,Lazurne,UA,2022-01-29 22:18:47,46.084,32.5295,33.93,71,59,13.71
267,Kashi,CN,2022-01-29 22:16:35,39.4547,75.9797,24.01,50,0,8.95
268,Tezu,IN,2022-01-29 22:18:48,27.9167,96.1667,49.69,51,0,3.67
269,Yerbogachen,RU,2022-01-29 22:18:49,61.2767,108.0108,-13.4,99,88,3.65
270,Souillac,MU,2022-01-29 22:16:53,-20.5167,57.5167,79.18,83,40,6.91
271,Longyearbyen,SJ,2022-01-29 22:18:49,78.2186,15.6401,8.44,66,0,17.27
272,Lavrentiya,RU,2022-01-29 22:19:49,65.5833,-171.0,-2.88,83,3,3.67
273,Aras,ES,2022-01-29 22:19:50,42.5617,-2.356,39.06,80,0,8.05
274,Melo,UY,2022-01-29 22:19:50,-32.3667,-54.1833,74.86,49,1,15.9
275,Gashua,NG,2022-01-29 22:19:50,12.871,11.0482,62.82,14,68,10.02
276,Namibe,AO,2022-01-29 22:17:11,-15.1961,12.1522,72.03,77,100,6.67
277,Qaqortoq,GL,2022-01-29 22:19:51,60.7167,-46.0333,12.7,90,100,2.59
278,Carrickfergus,GB,2022-01-29 22:19:51,54.7158,-5.8058,42.76,83,75,1.01
279,Lagoa,PT,2022-01-29 22:19:52,39.05,-27.9833,58.55,72,64,13.96
280,Labuhan,ID,2022-01-29 22:19:52,-6.8844,112.2051,77.94,87,100,6.89
281,Anito,PH,2022-01-29 22:19:52,12.4497,125.2886,75.74,93,56,5.53
282,Valparaiso,CL,2022-01-29 22:16:44,-33.0393,-71.6273,71.83,59,20,11.5
283,Kota Bahru,MY,2022-01-29 22:19:53,6.1333,102.2386,71.55,100,20,0.0
284,Dali,CN,2022-01-29 22:19:53,25.7,100.1833,35.35,69,0,2.04
285,Kosovo Polje,XK,2022-01-29 22:19:53,42.6394,21.0961,21.83,100,0,1.14
286,Adrar,MR,2022-01-29 22:19:54,20.5022,-10.0711,77.25,12,100,11.05
287,Pryazha,RU,2022-01-29 22:19:54,61.6926,33.6216,20.43,88,100,10.36
288,Dauriya,RU,2022-01-29 22:19:55,49.9333,116.8667,-21.23,99,29,0.51
289,Cabinda,AO,2022-01-29 22:19:55,-5.55,12.2,78.35,90,92,4.83
290,Tautira,PF,2022-01-29 22:19:55,-17.7333,-149.15,86.02,74,99,13.69
291,Pokhara,NP,2022-01-29 22:19:56,28.2333,83.9833,45.79,66,8,3.22
292,Beba,CU,2022-01-29 22:19:56,22.4437,-79.7253,62.87,62,98,14.43
293,Cayenne,GF,2022-01-29 22:16:28,4.9333,-52.3333,79.09,85,0,1.01
294,Belmonte,BR,2022-01-29 22:19:57,-15.8631,-38.8828,79.3,82,17,9.86
295,Nabire,ID,2022-01-29 22:19:57,-3.3667,135.4833,75.54,89,99,2.91
296,Muros,ES,2022-01-29 22:19:57,42.7762,-9.0603,53.24,76,15,5.57
297,Ferme-Neuve,CA,2022-01-29 22:19:58,46.7001,-75.4493,4.78,83,49,6.62
298,Mopipi,BW,2022-01-29 22:19:58,-21.1833,24.8833,73.89,73,97,16.8
299,Kadnikov,RU,2022-01-29 22:19:58,59.5022,40.338,0.45,100,93,2.53
300,Alofi,NU,2022-01-29 22:19:59,-19.0595,-169.9187,85.89,70,84,6.91
301,Pemangkat,ID,2022-01-29 22:19:59,1.1667,108.9667,76.32,88,100,3.51
302,Show Low,US,2022-01-29 22:19:59,34.2542,-110.0298,52.48,23,0,0.0
303,Millau,FR,2022-01-29 22:20:00,44.0833,2.9167,33.39,94,12,3.65
304,Rusne,LT,2022-01-29 22:20:00,55.2964,21.3758,42.89,89,100,34.0
305,Arman,RU,2022-01-29 22:20:01,59.7,150.1667,9.46,84,100,14.07
306,Benghazi,LY,2022-01-29 22:20:02,32.1167,20.0667,55.42,52,75,28.5
307,Talnakh,RU,2022-01-29 22:15:18,69.4865,88.3972,-3.8,96,100,9.31
308,At-Bashi,KG,2022-01-29 22:20:02,41.1702,75.8106,2.08,79,65,2.82
309,Northam,GB,2022-01-29 22:20:03,51.0333,-4.2167,46.38,85,82,8.46
310,Ovsyanka,RU,2022-01-29 22:20:03,55.9575,92.5519,-9.78,99,65,4.47
311,Fortuna Foothills,US,2022-01-29 22:20:03,32.6578,-114.4119,73.22,13,0,4.0
312,Inhambane,MZ,2022-01-29 22:20:04,-23.865,35.3833,76.15,73,88,8.57
313,Balkanabat,TM,2022-01-29 22:20:04,39.5108,54.3671,41.13,62,6,3.98
314,Skjervoy,NO,2022-01-29 22:20:05,70.0311,20.9714,27.28,57,7,7.94
315,Karema,TZ,2022-01-29 22:21:05,-6.8205,30.4389,69.75,89,89,4.99
316,Norman Wells,CA,2022-01-29 22:21:06,65.282,-126.8329,-21.96,76,75,3.44
317,Lasa,IT,2022-01-29 22:21:06,46.6166,10.7002,47.66,63,8,8.57
318,Staryy Nadym,RU,2022-01-29 22:21:07,65.6118,72.6842,-8.12,95,98,9.08
319,Parry Sound,CA,2022-01-29 22:16:07,45.3501,-80.033,9.21,56,3,1.77
320,General Roca,AR,2022-01-29 22:16:44,-39.0333,-67.5833,93.6,9,0,17.25
321,Mandalgovi,MN,2022-01-29 22:21:07,45.7625,106.2708,-0.72,90,100,18.05
322,Flinders,AU,2022-01-29 22:21:07,-34.5833,150.8552,79.38,76,100,5.99
323,Srednekolymsk,RU,2022-01-29 22:20:43,67.45,153.6833,-26.16,100,89,4.36
324,Katsuura,JP,2022-01-29 22:21:08,35.1333,140.3,41.18,83,51,15.39
325,Nishihara,JP,2022-01-29 22:21:08,26.1842,127.7558,63.68,83,75,13.8
326,Gat,IL,2022-01-29 22:21:09,31.61,34.7642,49.41,100,0,2.55
327,Santa Barbara,US,2022-01-29 22:21:09,34.7333,-120.0343,65.91,28,0,3.44
328,Gorontalo,ID,2022-01-29 22:21:09,0.5412,123.0595,73.92,94,99,3.4
329,Lompoc,US,2022-01-29 22:19:23,34.6391,-120.4579,72.09,51,0,8.05
330,Tessalit,ML,2022-01-29 22:21:10,20.1986,1.0114,67.98,15,60,11.61
331,Aklavik,CA,2022-01-29 22:21:10,68.2191,-135.0107,-13.97,69,75,2.3
332,Daru,PG,2022-01-29 22:21:11,-9.0763,143.2092,78.73,86,100,10.63
333,Katherine,AU,2022-01-29 22:21:11,-14.4667,132.2667,79.12,89,98,9.22
334,Hasaki,JP,2022-01-29 22:21:11,35.7333,140.8333,34.2,57,74,20.11
335,Mount Gambier,AU,2022-01-29 22:21:12,-37.8333,140.7667,62.51,94,100,8.05
336,Tiznit,MA,2022-01-29 22:21:12,29.5833,-9.5,57.87,31,0,18.61
337,Raudeberg,NO,2022-01-29 22:18:54,61.9875,5.1352,39.87,82,100,11.01
338,Syracuse,IT,2022-01-29 22:21:12,37.0881,15.2792,49.37,55,2,6.76
339,Coihaique,CL,2022-01-29 22:16:23,-45.5752,-72.0662,55.35,71,100,8.05
340,Reporoa,NZ,2022-01-29 22:21:13,-38.4333,176.35,70.34,46,47,3.06
341,Bitadton,PH,2022-01-29 22:21:13,11.4969,122.0851,77.81,86,10,3.91
342,Pisco,PE,2022-01-29 22:19:37,-13.7,-76.2167,71.65,73,0,14.97
343,Baiyin,CN,2022-01-29 22:21:14,36.5583,104.2081,9.48,76,16,3.4
344,Santa Rosa,PH,2022-01-29 22:21:14,14.3122,121.1114,80.11,89,4,3.4
345,Takhtamygda,RU,2022-01-29 22:21:14,54.1,123.5667,-10.91,94,22,3.76
346,Pati,ID,2022-01-29 22:21:15,-6.7559,111.038,75.92,93,100,3.49
347,Fukue,JP,2022-01-29 22:21:15,32.6881,128.8419,47.53,53,100,16.28
348,Dingle,PH,2022-01-29 22:20:14,10.9995,122.6711,74.39,91,10,1.86
349,Barra Dos Coqueiros,BR,2022-01-29 22:21:15,-10.9089,-37.0386,80.62,78,75,2.3
350,Trairi,BR,2022-01-29 22:21:16,-3.2778,-39.2689,78.44,71,85,9.53
351,Chekalin,RU,2022-01-29 22:21:16,54.0969,36.245,24.85,99,99,3.67
352,Kifri,IQ,2022-01-29 22:21:16,34.6959,44.9661,46.36,63,40,4.72
353,Lishu,CN,2022-01-29 22:21:17,43.3047,124.3278,6.75,69,0,5.66
354,Port Hawkesbury,CA,2022-01-29 22:21:17,45.6169,-61.3485,48.18,100,100,9.22
355,Wad Madani,SD,2022-01-29 22:21:17,14.4012,33.5199,68.74,21,8,14.07
356,Sirnak,TR,2022-01-29 22:21:18,37.5228,42.4594,18.79,87,63,6.33
357,Biltine,TD,2022-01-29 22:21:18,14.5333,20.9167,63.68,13,4,12.17
358,Saint Marys,US,2022-01-29 22:21:18,30.7305,-81.5465,47.03,35,0,14.0
359,Ilulissat,GL,2022-01-29 22:21:19,69.2167,-51.1,12.22,52,100,19.57
360,San Andres,CO,2022-01-29 22:16:30,12.5847,-81.7006,84.22,61,20,10.36
361,Palmer,US,2022-01-29 22:18:29,42.1584,-72.3287,15.4,76,100,7.0
362,Atoyac,MX,2022-01-29 22:22:19,20.0167,-103.5333,80.96,33,27,3.42
363,Barra Patuca,HN,2022-01-29 22:20:14,15.8,-84.2833,76.6,81,14,12.26
364,Ilebo,CD,2022-01-29 22:22:20,-4.3167,20.5833,71.94,82,100,1.43
365,Kyra,RU,2022-01-29 22:22:20,49.5776,111.9753,-9.98,96,5,4.81
366,Kostino,RU,2022-01-29 22:22:20,58.9097,53.2691,-0.51,100,99,3.62
367,Baherden,TM,2022-01-29 22:22:21,38.4362,57.4316,39.78,68,3,4.32
368,Tamiahua,MX,2022-01-29 22:22:21,21.2667,-97.45,58.55,62,98,9.86
369,Itaituba,BR,2022-01-29 22:22:21,-4.2761,-55.9836,71.71,99,100,2.8
370,Itamaraju,BR,2022-01-29 22:22:22,-17.0392,-39.5311,76.05,85,17,6.49
371,Tokmak,UA,2022-01-29 22:22:22,47.2514,35.7058,28.9,94,94,11.9
372,Sao Joao Da Barra,BR,2022-01-29 22:21:20,-21.6403,-41.0511,77.04,88,65,11.68
373,Yulara,AU,2022-01-29 22:22:23,-25.2406,130.9889,76.84,88,100,12.66
374,Tevaitoa,PF,2022-01-29 22:22:23,-16.7833,-151.5,80.37,74,23,10.31
375,Nakonde,ZM,2022-01-29 22:22:23,-9.3421,32.745,59.2,96,100,0.56
376,Derzhavinsk,KZ,2022-01-29 22:22:23,51.1,66.3167,13.32,94,100,13.02
377,Rocha,UY,2022-01-29 22:19:54,-34.4833,-54.3333,71.4,67,6,10.63
378,Necochea,AR,2022-01-29 22:18:32,-38.5473,-58.7368,87.04,46,1,19.19
379,Shingu,JP,2022-01-29 22:19:02,33.7333,135.9833,36.79,72,93,6.46
380,Coos Bay,US,2022-01-29 22:22:24,43.3665,-124.2179,57.99,83,0,12.66
381,Nome,US,2022-01-29 22:22:24,64.5011,-165.4064,2.1,64,0,0.0
382,Faya,SA,2022-01-29 22:22:25,18.3851,42.4509,55.51,75,0,6.11
383,Namatanai,PG,2022-01-29 22:22:25,-3.6667,152.4333,81.66,77,100,2.1
384,Boa Vista,BR,2022-01-29 22:22:25,2.8197,-60.6733,87.78,45,40,8.05
385,Cururupu,BR,2022-01-29 22:22:26,-1.8283,-44.8683,72.55,97,100,3.02
386,Ordynskoye,RU,2022-01-29 22:22:26,54.3656,81.8994,-2.15,97,57,5.23
387,Chumikan,RU,2022-01-29 22:22:26,54.7183,135.315,-1.32,88,100,21.25
388,Yenagoa,NG,2022-01-29 22:22:27,4.9247,6.2642,75.45,66,21,3.2
389,Carutapera,BR,2022-01-29 22:22:27,-1.195,-46.02,75.0,87,100,4.92
390,Melilla,ES,2022-01-29 22:22:27,35.2937,-2.9383,59.38,72,0,6.91
391,Maceio,BR,2022-01-29 22:22:28,-9.6658,-35.7353,80.04,78,75,5.75
392,Marsa Matruh,EG,2022-01-29 22:20:43,31.3525,27.2453,52.0,66,40,11.5
393,Mafinga,TZ,2022-01-29 22:22:28,-7.25,35.0667,64.47,97,100,1.95
394,Rusanesti,RO,2022-01-29 22:22:28,43.9333,24.6,28.85,75,6,12.59
395,Kindu,CD,2022-01-29 22:22:29,-2.95,25.95,70.3,90,87,1.77
396,Mackay,AU,2022-01-29 22:19:53,-21.15,149.2,78.67,79,24,13.94
397,Jacksonville,US,2022-01-29 22:18:27,30.3322,-81.6556,47.01,38,20,1.01
398,Bontang,ID,2022-01-29 22:22:29,0.1333,117.5,78.03,82,97,0.96
399,Abomey-Calavi,BJ,2022-01-29 22:22:29,6.4485,2.3557,82.26,65,23,2.3
400,Iracoubo,GF,2022-01-29 22:22:30,5.4802,-53.2011,76.59,84,96,7.76
401,Alto Araguaia,BR,2022-01-29 22:22:30,-17.3147,-53.2153,70.74,94,100,4.16
402,San Vicente,AR,2022-01-29 22:22:30,-26.6167,-54.1333,67.8,79,91,5.5
403,Cidreira,BR,2022-01-29 22:22:31,-30.1811,-50.2056,72.39,60,45,12.66
404,The Valley,AI,2022-01-29 22:20:10,18.217,-63.0578,78.94,65,20,6.91
405,Innisfail,AU,2022-01-29 22:22:31,-17.5333,146.0333,79.05,86,99,5.97
406,Buriti Alegre,BR,2022-01-29 22:22:31,-18.14,-49.0403,69.58,88,100,3.15
407,Hailar,CN,2022-01-29 22:22:32,49.2,119.7,-22.09,99,15,4.23
408,Tual,ID,2022-01-29 22:22:32,-5.6667,132.75,82.74,77,100,14.38
409,El Campo,US,2022-01-29 22:23:32,29.1966,-96.2697,64.81,22,0,6.91
410,Buta,CD,2022-01-29 22:23:33,2.7858,24.73,70.14,35,30,2.35
411,Linares,CL,2022-01-29 22:23:33,-35.85,-71.6,83.62,33,0,14.72
412,Timaru,NZ,2022-01-29 22:21:14,-44.4,171.25,66.69,56,98,6.24
413,Bajil,YE,2022-01-29 22:23:34,15.0584,43.2851,75.58,80,52,6.33
414,Olinda,BR,2022-01-29 22:23:34,-8.0089,-34.8553,80.33,74,75,2.3
415,Shentala,RU,2022-01-29 22:23:34,54.45,51.4833,11.44,95,100,8.66
416,Rorvik,NO,2022-01-29 22:23:35,64.8621,11.2373,37.54,90,100,30.49
417,Sola,VU,2022-01-29 22:19:48,-13.8833,167.55,83.1,77,99,21.77
418,Abu Dhabi,AE,2022-01-29 22:20:26,24.4667,54.3667,66.96,76,0,0.0
419,Walvis Bay,NA,2022-01-29 22:20:09,-22.9575,14.5053,63.55,82,9,13.8
420,Krasnogorsk,RU,2022-01-29 22:23:35,55.8225,37.3181,24.85,93,100,6.71
421,Chatrapur,IN,2022-01-29 22:23:36,19.35,84.9833,61.18,54,23,4.25
422,Kampene,CD,2022-01-29 22:23:36,-3.6,26.6667,68.45,87,89,1.25
423,Horodnytsya,UA,2022-01-29 22:23:36,50.807,27.3168,27.1,91,100,14.38
424,Esmeraldas,BR,2022-01-29 22:18:40,-19.7625,-44.3139,74.44,85,85,2.55
425,Viedma,AR,2022-01-29 22:23:37,-40.8135,-62.9967,79.81,46,41,14.76
426,Kidal,ML,2022-01-29 22:23:37,18.4411,1.4078,68.31,12,17,11.77
427,Black Diamond,US,2022-01-29 22:23:37,47.3087,-122.0032,53.67,52,100,2.71
428,Hofn,IS,2022-01-29 22:23:38,64.2539,-15.2082,30.29,56,14,7.05
429,Canutama,BR,2022-01-29 22:23:38,-6.5339,-64.3831,74.28,99,100,2.75
430,Bodden Town,KY,2022-01-29 22:23:38,19.2833,-81.25,75.99,65,75,14.0
431,Balung,ID,2022-01-29 22:23:39,-7.7333,113.9167,77.11,89,100,2.71
432,Dumas,US,2022-01-29 22:23:39,35.8656,-101.9732,66.11,10,0,0.0
433,Saquarema,BR,2022-01-29 22:23:39,-22.92,-42.5103,77.02,96,84,9.78
434,Kalemie,CD,2022-01-29 22:23:40,-5.9475,29.1947,70.25,89,100,4.56
435,Talaya,RU,2022-01-29 22:18:47,61.3833,152.75,-8.09,98,100,3.65
436,Itarema,BR,2022-01-29 22:22:33,-2.9248,-39.9167,79.05,72,97,8.99
437,Nhulunbuy,AU,2022-01-29 22:23:40,-12.2333,136.7667,83.01,83,100,14.97
438,Sept-Iles,CA,2022-01-29 22:23:41,50.2001,-66.3821,6.06,61,100,8.01
439,Berlevag,NO,2022-01-29 22:23:41,70.8578,29.0864,18.48,79,95,4.92
440,Terrace,CA,2022-01-29 22:23:41,54.5163,-128.6035,40.91,93,75,5.75
441,Makat,KZ,2022-01-29 22:23:08,47.6469,53.3463,26.4,96,100,11.23
442,Puerto Escondido,MX,2022-01-29 22:23:42,15.85,-97.0667,83.23,65,20,9.22
443,George,ZA,2022-01-29 22:23:42,-33.963,22.4617,62.15,94,20,0.0
444,Port Hardy,CA,2022-01-29 22:23:42,50.6996,-127.4199,46.76,87,100,19.57
445,Tokur,RU,2022-01-29 22:23:43,53.1333,132.9,-24.95,99,96,1.95
446,Jiangyou,CN,2022-01-29 22:23:43,31.7667,104.7167,39.65,95,100,2.39
447,Vila Velha,BR,2022-01-29 22:23:43,-20.3297,-40.2925,80.55,88,20,8.01
448,Hendek,TR,2022-01-29 22:23:44,40.7994,30.7481,25.12,86,70,5.41
449,Bathsheba,BB,2022-01-29 22:23:44,13.2167,-59.5167,77.61,73,20,13.8
450,Zirandaro,MX,2022-01-29 22:22:17,18.45,-100.9833,96.33,24,0,1.39
451,Klaksvik,FO,2022-01-29 22:21:34,62.2266,-6.589,34.72,64,49,24.23
452,Baft,IR,2022-01-29 22:23:44,29.234,56.6057,39.69,63,33,5.57
453,Phuket,TH,2022-01-29 22:23:40,8.0,98.25,77.22,88,20,0.0
454,Nelson Bay,AU,2022-01-29 22:24:45,-32.7167,152.15,80.1,74,92,1.99
455,Namie,JP,2022-01-29 22:24:45,37.4833,141.0,34.97,59,72,14.05
456,Ugoofaaru,MV,2022-01-29 22:20:00,5.6667,73.0,82.06,70,76,16.53
457,Fort Nelson,CA,2022-01-29 22:24:46,58.8053,-122.7002,6.39,85,100,9.22
458,Jackson,US,2022-01-29 22:20:00,42.4165,-122.8345,58.91,38,0,0.0
459,Ambon,ID,2022-01-29 22:24:46,-3.6954,128.1814,80.74,78,40,4.61
460,Cordoba,AR,2022-01-29 22:24:46,-31.4135,-64.1811,82.6,53,20,8.05
461,Siguiri,GN,2022-01-29 22:24:47,11.6667,-9.5,79.75,17,4,2.98
462,Buenavista,PH,2022-01-29 22:24:47,8.9769,125.4089,73.44,90,51,4.81
463,Margate,GB,2022-01-29 22:24:48,51.3813,1.3862,47.3,68,40,8.01
464,Muisne,EC,2022-01-29 22:24:48,0.6,-80.0333,80.71,87,100,2.98
465,Wanaka,NZ,2022-01-29 22:24:48,-44.7,169.15,67.1,48,100,4.0
466,Smithers,CA,2022-01-29 22:24:49,54.7804,-127.1743,41.32,65,75,5.75
467,Sechura,PE,2022-01-29 22:24:49,-5.5569,-80.8222,78.89,62,47,16.96
468,Plettenberg Bay,ZA,2022-01-29 22:24:49,-34.0527,23.3716,64.49,91,10,1.9
469,Lucea,JM,2022-01-29 22:24:50,18.451,-78.1736,78.66,72,9,12.21
470,Virginia Beach,US,2022-01-29 22:23:10,36.8529,-75.978,31.01,54,0,21.85
471,Santa Cruz,BO,2022-01-29 22:23:28,-17.8,-63.1667,91.45,35,20,6.91
472,Cornwall,CA,2022-01-29 22:24:50,45.0181,-74.7281,7.39,43,0,8.05
473,Kigoma,TZ,2022-01-29 22:24:50,-4.8769,29.6267,73.42,79,100,3.94
474,Les Cayes,HT,2022-01-29 22:24:51,18.2,-73.75,79.41,69,63,5.08
475,Yar-Sale,RU,2022-01-29 22:24:51,66.8333,70.8333,-9.96,97,90,8.63
476,Akdepe,TM,2022-01-29 22:24:51,42.0551,59.3788,24.8,72,0,5.12
477,Mayumba,GA,2022-01-29 22:24:52,-3.432,10.6554,77.41,90,69,1.88
478,Kupang,ID,2022-01-29 22:24:52,-10.1667,123.5833,79.38,89,75,5.75
479,Port Shepstone,ZA,2022-01-29 22:24:52,-30.7414,30.455,72.55,83,97,10.92
480,Zhicheng,CN,2022-01-29 22:24:13,30.2956,111.5047,32.92,89,14,2.1
481,Harper,LR,2022-01-29 22:24:53,4.375,-7.7169,79.88,87,68,6.51
482,Kandi,BJ,2022-01-29 22:24:53,11.1342,2.9386,74.19,15,23,7.0
483,Cambridge,CA,2022-01-29 22:23:05,43.3601,-80.3127,13.33,39,0,1.01
484,Soyo,AO,2022-01-29 22:24:53,-6.1349,12.3689,78.55,88,97,4.97
485,Ahmadpur,IN,2022-01-29 22:24:54,18.7,76.9333,61.16,25,9,1.72
486,Akureyri,IS,2022-01-29 22:24:54,65.6835,-18.0878,33.73,64,75,18.41
487,Shimabara,JP,2022-01-29 22:24:54,32.7833,130.3667,42.67,57,100,11.27
488,Pacific Grove,US,2022-01-29 22:23:00,36.6177,-121.9166,68.58,44,0,1.01
489,Obuasi,GH,2022-01-29 22:24:55,6.206,-1.6619,74.62,78,50,2.17
490,Ketchikan,US,2022-01-29 22:24:55,55.3422,-131.6461,43.27,70,40,11.5
491,Belaya Gora,RU,2022-01-29 22:24:55,68.5333,146.4167,-16.96,100,100,1.43
492,Siilinjarvi,FI,2022-01-29 22:24:56,63.0833,27.6667,26.62,86,100,17.27
493,Yumen,CN,2022-01-29 22:24:56,40.2833,97.2,13.03,64,0,5.84
494,Clyde River,CA,2022-01-29 22:24:56,70.4692,-68.5914,-7.37,59,100,17.27
495,Panorama,GR,2022-01-29 22:24:57,40.5878,23.0315,38.91,57,20,5.01
496,Nago,JP,2022-01-29 22:24:57,26.5881,127.9761,64.47,84,100,13.35
497,Khani,GE,2022-01-29 22:24:57,41.9563,42.9566,24.37,82,93,6.49
498,Chimbote,PE,2022-01-29 22:24:58,-9.0853,-78.5783,73.85,72,88,11.01
499,Camargo,MX,2022-01-29 22:24:58,27.6667,-105.1667,62.69,37,6,5.95
500,Drolshagen,DE,2022-01-29 22:25:58,51.0167,7.7667,45.12,83,80,5.01
501,Uvira,CD,2022-01-29 22:25:59,-3.4067,29.1458,73.42,80,87,3.6
502,Santiago De Cuba,CU,2022-01-29 22:25:59,20.0247,-75.8219,82.02,65,40,8.05
503,Great Yarmouth,GB,2022-01-29 22:26:00,52.6083,1.7305,45.21,71,25,18.59
504,Kavaratti,IN,2022-01-29 22:26:00,10.5669,72.642,80.33,75,68,6.71
505,Nyurba,RU,2022-01-29 22:26:00,63.2842,118.3319,-21.51,99,92,4.88
506,Myski,RU,2022-01-29 22:21:02,53.709,87.8014,-1.21,100,62,2.95
507,Jacmel,HT,2022-01-29 22:26:01,18.2342,-72.5347,82.24,72,74,3.91
508,Mendi,PG,2022-01-29 22:26:01,-6.1761,143.6513,58.03,86,96,0.85
509,Stromness,GB,2022-01-29 22:24:48,58.965,-3.296,41.25,59,32,31.54
510,Port Moresby,PG,2022-01-29 22:26:02,-9.4431,147.1797,74.62,94,100,11.5
511,Cortland,US,2022-01-29 22:26:02,42.6001,-76.083,9.14,75,0,8.05
512,Villazon,BO,2022-01-29 22:26:02,-22.0866,-65.5942,57.78,61,84,15.08
513,Ondjiva,AO,2022-01-29 22:26:03,-17.0667,15.7333,72.37,72,97,0.89
514,Huambo,AO,2022-01-29 22:26:03,-12.7761,15.7392,60.4,96,100,3.0
515,Coquimbo,CL,2022-01-29 22:24:31,-29.9533,-71.3436,65.93,72,20,13.8
516,Sao Miguel Dos Campos,BR,2022-01-29 22:26:03,-9.7811,-36.0936,80.1,69,100,4.21
517,Eureka,US,2022-01-29 22:26:04,40.8021,-124.1637,61.66,73,4,1.01
518,Bom Jesus,BR,2022-01-29 22:26:04,-9.0744,-44.3586,72.0,89,81,3.36
519,Sidi Ali,DZ,2022-01-29 22:26:04,36.0998,0.4206,50.54,41,0,8.7
520,Lashio,MM,2022-01-29 22:26:05,22.9333,97.75,44.51,84,0,0.87
521,Kajaani,FI,2022-01-29 22:26:05,64.2273,27.7285,24.85,93,100,12.66
522,Acari,PE,2022-01-29 22:26:05,-15.4311,-74.6158,75.54,66,93,9.8
523,Tobetsu,JP,2022-01-29 22:26:06,43.2169,141.5169,17.51,62,40,11.5
524,Palu,ID,2022-01-29 22:26:06,-0.8917,119.8707,74.79,94,100,2.37
525,Meulaboh,ID,2022-01-29 22:26:06,4.1363,96.1285,77.02,89,73,3.04
526,Auki,SB,2022-01-29 22:22:53,-8.7676,160.7034,81.99,81,99,6.11
527,Puerto Baquerizo Moreno,EC,2022-01-29 22:26:07,-0.9,-89.6,79.79,69,20,11.5
528,Tamala,RU,2022-01-29 22:26:07,52.541,43.2515,26.58,98,99,4.92
529,Zhangzhou,CN,2022-01-29 22:26:07,24.5133,117.6556,55.33,87,100,0.96
530,Anchorage,US,2022-01-29 22:22:32,61.2181,-149.9003,27.68,84,20,5.01
531,Arlit,NE,2022-01-29 22:26:08,18.7369,7.3853,62.83,15,1,6.4
532,Balsas,BR,2022-01-29 22:24:54,-7.5325,-46.0356,72.09,91,36,4.97
533,Pandan Niog,PH,2022-01-29 22:26:08,6.2282,120.5631,80.64,75,100,2.35
534,Pingxiang,CN,2022-01-29 22:26:09,27.6167,113.85,35.24,98,100,2.33
535,Podor,MR,2022-01-29 22:26:09,16.6527,-14.9587,82.35,26,0,2.3
536,Almaznyy,RU,2022-01-29 22:26:09,48.0448,40.045,32.14,95,99,15.03
537,Nemuro,JP,2022-01-29 22:26:10,43.3236,145.575,16.95,72,49,17.36
538,Miraflores,MX,2022-01-29 22:26:10,19.2167,-98.8083,71.02,40,10,4.83
539,Pradera,CO,2022-01-29 22:26:10,3.4211,-76.2447,84.88,83,100,3.06
540,Sandwick,GB,2022-01-29 22:26:11,60.0,-1.25,39.02,60,75,29.93
541,Banjar,ID,2022-01-29 22:26:11,-8.19,114.9675,78.66,88,100,4.03
542,Linxia,CN,2022-01-29 22:26:11,35.6003,103.2064,8.13,86,58,2.84
543,Jucas,BR,2022-01-29 22:26:11,-6.5253,-39.5275,70.57,92,90,2.68
544,Beidao,CN,2022-01-29 22:26:12,34.5686,105.8933,16.36,94,96,1.54
545,Ajdabiya,LY,2022-01-29 22:27:12,30.7554,20.2263,55.85,55,61,23.58
546,Taft,IR,2022-01-29 22:27:12,31.7471,54.2088,35.55,30,40,11.5
547,Karanja,IN,2022-01-29 22:27:13,20.4833,77.4833,60.44,30,5,3.02
548,Kapit,MY,2022-01-29 22:22:32,2.0167,112.9333,72.81,100,100,0.38
549,Cozumel,MX,2022-01-29 22:27:13,20.5083,-86.9458,73.47,67,75,5.01
550,Zyryanka,RU,2022-01-29 22:27:14,65.75,150.85,-23.4,100,94,0.96
551,Nowy Tomysl,PL,2022-01-29 22:27:14,52.3195,16.1284,46.26,72,89,29.08
552,Gambela,ET,2022-01-29 22:27:14,8.25,34.5833,82.26,31,33,2.95
